<?xml version="1.0" encoding="UTF-8"?>
<plugin_manifest xmlns="http://www.elgg.org/plugin_manifest/1.8">
	<name>FCA</name>
	<author>Bernd Prünster &lt;bernd.pruenster@gmail.com&gt;</author>
	<version>0.1</version>
	<category>education</category>
	<category>development</category>
	<description>Formal Concept analysis for Elgg</description>
	<website>http://www.elgg.org/</website>
	<copyright>...</copyright>
	<license>GNU General Public License version 2</license>
	<requires>
		<type>elgg_release</type>
		<version>1.8</version>
	</requires>
	<activate_on_install>true</activate_on_install>
</plugin_manifest>
